id,current_title,current_date,decision,final_decision,proposed_title,proposed_date_iso,review_required,evidence_level,confidence,status,result_bucket,reasoning_short,recommendation
a48bbd06-c46f-455e-9e40-5998d815f3f4,Première attribution du Prix Goncourt,1901-12-01,UPDATE_DATE,REVIEW,,1903-12-21,true,A,0.9,DISPUTED_DATE,date_disputee,Wikipédia et Wikidata indiquent que le premier Prix Goncourt a été décerné le 21 décembre 1903. La description doit être mise à jour en conséquence.,Mettre à jour la date avec le 21 décembre 1903 et vérifier la description pour assurer la cohérence.
a5de72c7-834f-455d-beab-cc320b5d73bc,Création du duché de Bourgogne,0888-01-01,UPDATE_DATE,UPDATE_DATE,,0880-01-01,false,A,0.9,POTENTIAL_DATE_ERROR,divergence_date,"Wikidata indique 880 comme date de création du duché de Bourgogne. L'article Wikipédia mentionne que le duché est issu de la Bourgogne franque et tenu par différentes dynasties à partir de 898. Cependant, Wikidata fournit une date précise.","Mettre à jour la date avec 0880-01-01, car c'est la date la plus précise fournie par Wikidata et cohérente avec la description."
6ce54a90-a8cf-4704-b0b9-c0b77f798e18,Shakespeare écrit Hamlet,1601-01-01,UPDATE_TITLE,REVIEW,Publication d'Hamlet,1603-01-01,true,B,0.7,DISPUTED_DATE,date_disputee,La date de publication la plus communément admise est 1603. Le titre est plus précis en indiquant la publication plutôt que l'écriture.,Vérifier si 1603 est bien la date de publication la plus pertinente.
422d0fa7-49ce-4776-88e1-5a384c474ddc,Fondation de l' abbaye de Cluny par Guillaume le Pieux,0909-01-01,UPDATE_TITLE,REVIEW,Fondation de l'abbaye de Cluny,0909-01-01,true,B,0.8,DISPUTED_DATE,date_disputee,"Le titre actuel est trop long. Le titre proposé est plus concis et correspond à l'appellation standard. La date de 909 est retenue car elle est mentionnée dans la description et confirmée par une source Wikidata, bien qu'il y ait une incertitude avec 910.",Conserver la date de 909 et le titre simplifié. Vérifier si d'autres sources primaires peuvent confirmer la date exacte.
8b231105-86c5-4ae1-a7f4-5008c9b6cd2a,Création du Parc national de la Vanoise,1964-08-22,UPDATE_DATE,REVIEW,,1963-07-06,true,A,0.9,DISPUTED_DATE,date_disputee,"Wikidata indique la date de création au 6 juillet 1963. L'article Wikipédia en français ne donne pas de date précise, mais l'article en anglais indique que le premier parc national a été créé en 1963.",Mettre à jour la date avec la date la plus précise disponible sur Wikidata.
1bd4b610-4b8d-4fc4-904f-e76895f60efd,Siège,0885-01-01,UPDATE_BOTH,REVIEW,Siège de Paris (885-886),0885-01-01,true,A,0.9,AMBIGUOUS_TITLE,titre_ambigu_ou_collision,Le titre actuel est trop vague. La description indique un siège de Paris qui s'étend sur deux années. Le titre doit être plus précis et la date doit correspondre au début du siège.,Mettre à jour le titre pour inclure la période du siège et conserver la date de début.
90ce3870-3e7d-4349-8fab-66fca7442f1c,Premières batailles entre Francs et Normands,0804-01-01,UPDATE_TITLE,REVIEW,Raids Vikings en Gaule franque,0804-01-01,true,B,0.8,AMBIGUOUS_TITLE,titre_ambigu_ou_collision,Le titre initial est trop vague. 'Raids Vikings en Gaule franque' est plus précis et correspond à la description. L'année 804 marque le début de ces raids.,Vérifier si des raids plus spécifiques peuvent être identifiés pour cette année.
3714820c-9157-4666-9dd8-f761c39039a2,Congrès de paix d'Utrecht,1712-01-01,UPDATE_DATE,UPDATE_DATE,,1713-01-01,false,A,0.9,POTENTIAL_DATE_ERROR,divergence_date,Wikidata et Wikipedia indiquent 1713 comme année de signature des traités d'Utrecht. La description est cohérente avec cette date.,Mettre à jour la date à 1713-01-01.
a2b573d4-82a3-4da5-a17b-633810991fba,Construction de la cathédrale de Monreale en Sicile,1174-01-01,UPDATE_DATE,UPDATE_DATE,,1172-01-01,false,A,1,POTENTIAL_DATE_ERROR,divergence_date,Wikidata et l'audit précédent indiquent 1172 comme date de début de la construction. La description reste cohérente.,Mettre à jour la date de début de la construction à 1172.
0e430afa-6bed-4a43-8b5f-e6bcd2063c13,Création de la Royal Society,1662-01-01,UPDATE_DATE,UPDATE_DATE,,1660-11-28,false,A,1,POTENTIAL_DATE_ERROR,divergence_date,"La date de fondation de la Royal Society est le 28 novembre 1660, comme indiqué par Wikidata et confirmé par les articles Wikipédia en français et en anglais. La description est cohérente avec cette date.","Mettre à jour la date de l'événement avec la date précise de fondation, soit le 1660-11-28."
7a142d9d-89a5-4997-ae9b-9144caf558ab,Charles de Basse-Lorraine,0991-01-01,UPDATE_DATE,REVIEW,,0991-06-12,true,B,0.8,DISPUTED_DATE,date_disputee,"La description mentionne la capture en 991, mais l'article Wikipédia indique une mort le 12 juin 991. Wikidata donne des dates de décès différentes (992 et 993). Je privilégie la date de décès mentionnée dans l'article Wikipédia, car elle est plus précise.","Mettre à jour la date de l'événement avec la date de décès de Charles de Basse-Lorraine, soit le 12 juin 991."
14809096-67aa-421d-b011-941519b7cdfd,Achèvement du temple Ginkaku-ji à Kyoto,1498-01-01,REVIEW,REVIEW,,,true,C,0.5,DISPUTED_DATE,date_disputee,"La date d'achèvement du temple Ginkaku-ji est incertaine. Les sources disponibles indiquent des dates de début de construction différentes (1465 et 1490), ce qui rend difficile de déterminer la date d'achèvement avec certitude.","Rechercher des sources supplémentaires pour confirmer la date d'achèvement du temple Ginkaku-ji. En attendant, conserver la fiche en l'état avec le statut 'date disputée'."
688c2636-81db-4ef2-a14e-ba4a12fcdb73,Début du projet ITER,2007-01-01,UPDATE_DATE,UPDATE_DATE,,2006-01-01,false,A,0.9,POTENTIAL_DATE_ERROR,divergence_date,Wikidata indique le début du projet ITER en 2006. La description est cohérente avec ce projet.,Mettre à jour la date au 1er janvier 2006.
fa26be3c-8d68-4313-acc6-a0c84390914f,"Mort d’Alfred le Grand, roi de Wessex",0899-01-01,UPDATE_DATE,REVIEW,Mort d'Alfred le Grand,0899-10-26,true,A,0.9,DISPUTED_DATE,date_disputee,La date du 26 octobre 899 est la plus précise et est corroborée par Wikipédia et Wikidata.,Mettre à jour la date de l'événement avec la date précise du 26 octobre 899.
423c7721-87a2-4ac3-ba08-42cac0ee3e7f,Le 'canular de l'homme de Piltdown',1912-01-01,KEEP,REVIEW,,,true,A,0.9,DISPUTED_DATE,date_disputee,"Le titre et la date correspondent à l'événement décrit. L'audit précédent a confirmé la date de 1912 comme étant la plus pertinente pour l'emballement médiatique autour de la ""découverte"".",Conserver la fiche en l'état.
3a049f85-2ad8-44a6-9c63-48ef27afb3df,Bataille de Monte Castello,1114-01-01,UPDATE_DATE,UPDATE_DATE,,1944-11-25,false,A,1,POTENTIAL_DATE_ERROR,divergence_date,La date actuelle (1114-01-01) est incorrecte. Les sources Wikipédia (FR et EN) et Wikidata indiquent que la bataille de Monte Castello s'est déroulée à partir du 25 novembre 1944. La description correspond à la bataille de 1944.,"Mettre à jour la date de l'événement avec la date de début de la bataille, soit le 25 novembre 1944."
20c97f90-d3a0-4187-8171-975202f331ca,Le règne de Christine de Suède,1632-01-01,DELETE,DELETE,,,true,A,1,AMBIGUOUS_TITLE,titre_ambigu_ou_collision,"L'événement décrit une période et non un événement unique. La date actuelle est le début du règne, mais l'événement est le règne lui-même.",Supprimer car il s'agit d'une période et non d'un événement ponctuel.
2e4cc1e2-7803-434a-96a5-590f5847693a,Création du piano moderne,1709-05-14,UPDATE_DATE,UPDATE_DATE,,1720-01-01,false,A,0.9,POTENTIAL_DATE_ERROR,divergence_date,"Wikidata et Wikipedia indiquent 1720 comme date de création du piano moderne, et non 1709 (date du piano-forte).",Mettre à jour la date de création du piano moderne à 1720.
01fd7b3a-12f9-40ae-ad19-7e3af9875f77,Ouverture du Musée de l’Homme,1938-01-01,UPDATE_DATE,REVIEW,,1937-01-01,true,A,0.9,DISPUTED_DATE,date_disputee,"Wikidata indique 1937 comme date d'inception du musée. L'article Wikipédia confirme l'installation en 1937. Il est probable que l'ouverture au public ait eu lieu plus tard, mais la date d'inception est bien 1937.","Mettre à jour la date avec 1937-01-01, date d'inception selon Wikidata et Wikipedia."
7a4815b7-a011-4e18-8296-fc9757be5b9b,Construction du Palais de Topkapi à Constantinople,1465-01-01,REVIEW,REVIEW,,,true,C,0.5,DISPUTED_DATE,date_disputee,"The exact year of construction is disputed between 1459, 1460, 1465 and 1475. Further investigation is needed to determine the most accurate date.",Investigate further sources to resolve the date discrepancy. Consider using a broader date range if a single year cannot be confirmed.
4d5727db-c93a-465b-b913-0d2c55913e89,Fondation de l'Ordre de Fontevraud,1115-01-01,UPDATE_DATE,UPDATE_DATE,,1101-01-01,false,A,1,POTENTIAL_DATE_ERROR,divergence_date,Les sources Wikipédia en français et en anglais indiquent que l'Ordre de Fontevraud a été fondé en 1101.,Mettre à jour la date de fondation de l'Ordre de Fontevraud à 1101-01-01.
248f7bb5-c274-443c-8dcf-34a5d2232fd0,Début de la guerre de Succession d'Espagne,1702-01-01,UPDATE_DATE,UPDATE_DATE,,1701-03-01,false,A,1,POTENTIAL_DATE_ERROR,divergence_date,Wikidata indique le 1er mars 1701 comme date de début de la guerre de Succession d'Espagne. La description est cohérente avec cette date.,Mettre à jour la date au 1er mars 1701.
107d3c36-20d5-44c9-b34a-46edd6523499,Mise en latin écrit de la Loi salique sous Clovis,0510-01-01,UPDATE_DATE,UPDATE_DATE,,0500-01-01,false,A,0.9,POTENTIAL_DATE_ERROR,divergence_date,"Wikidata et plusieurs sources indiquent que la Loi salique a été mise par écrit en latin vers 500, et non en 510.",Mettre à jour la date avec l'année 500.
3864230e-c62d-40cd-bba5-ad3bf40df4c2,Guerre de la vache,1303-01-01,UPDATE_DATE,REVIEW,,1275-01-01,true,A,0.9,DISPUTED_DATE,date_disputee,La date actuelle (1303) est incorrecte. Les sources indiquent que la Guerre de la Vache s'est déroulée entre 1275 et 1280. On prend la date médiane.,"Mettre à jour la date avec une date approximative de 1275, car il s'agit d'une période et non d'un événement ponctuel."
0a2255ae-f6a7-485e-932f-7300d729e74e,Création de la Société Royale de Médecine,1776-01-01,UPDATE_DATE,REVIEW,,1778-01-01,true,A,1,DISPUTED_DATE,date_disputee,"La date de création de la Société Royale de Médecine est plus probablement 1778, comme indiqué par Wikipédia et Wikidata. La description est cohérente avec cette date.",Mettre à jour la date de création de la Société Royale de Médecine à 1778.
dcf7029a-124c-44d1-b070-1dbe112993d3,Conversion de Clovis,0498-12-25,UPDATE_DATE,REVIEW,,,true,A,0.9,DISPUTED_DATE,date_disputee,"La date exacte de la conversion de Clovis est incertaine. Les sources indiquent un débat entre 496 et 508, avec une préférence pour 498 ou 499. Il est préférable de ne pas préciser la date exacte dans la base de données.",Supprimer la date précise et ne conserver que l'année (498) ou une période plus large (fin du Ve siècle).
63624f79-66c8-4b4c-97cd-ee142a1683ac,Début de la construction du château de Bran,1377-01-01,UPDATE_DATE,REVIEW,,1289-01-01,true,A,0.8,DISPUTED_DATE,date_disputee,"Wikidata indique 1289 comme date de début de construction du château de Bran. Cette date est plus ancienne que celle actuellement dans la base de données (1377). L'article Wikipedia ne donne pas d'année précise, mais mentionne une construction par les chevaliers Teutoniques au début du XIIIe siècle, ce qui est cohéren…","Mettre à jour la date de début de construction du château de Bran à 1289-01-01, en se basant sur Wikidata et la mention du XIIIe siècle dans l'article Wikipedia."
af061fbf-abc7-462e-9513-079556cf4172,Inauguration du Musée d'Art Moderne de Lille Métropole,1974-01-01,UPDATE_DATE,REVIEW,,1983-01-01,true,A,0.9,DISPUTED_DATE,date_disputee,Wikipédia et Wikidata indiquent une inauguration en 1983. La description est cohérente avec cette date.,Mettre à jour la date d'inauguration avec la date de 1983.
e7b1d255-86f1-4b69-842c-92dbe13e3668,Titien peint L'Assomption de la Vierge,1523-01-01,UPDATE_DATE,UPDATE_DATE,L'Assomption de la Vierge (Titien),1517-01-01,false,A,0.9,POTENTIAL_DATE_ERROR,divergence_date,"Plusieurs sources, dont Wikidata et Wikipédia, indiquent que la réalisation de L'Assomption de la Vierge par Titien a débuté vers 1517 (entre 1515 et 1518). Le titre est mis à jour pour correspondre au titre de l'oeuvre.",Mettre à jour la date de début de la réalisation de l'oeuvre à 1517.
140c8d2c-331d-4527-8c6a-d3a11ea20c48,Création du premier parc national d'Abisko en Suède,1950-05-11,UPDATE_DATE,UPDATE_DATE,,1909-05-24,false,A,1,POTENTIAL_DATE_ERROR,divergence_date,La date de création du parc national d'Abisko est le 24 mai 1909 selon Wikidata et Wikipedia.,Mettre à jour la date au 24 mai 1909.
81f59240-be5b-4cc1-bfa6-3a2c13a67f55,Début de la prédication de Luther et des 95 thèses,1517-01-01,UPDATE_BOTH,REVIEW,Publication des 95 thèses,1517-10-31,true,A,0.9,DISPUTED_DATE,date_disputee,La date du 31 octobre 1517 est largement acceptée pour la publication des 95 thèses. Le titre est plus concis et standard.,Mettre à jour le titre et la date avec les valeurs proposées.
8ed1af99-f299-42bf-8600-8ecaf88d669b,Peary au pôle Nord,1909-01-01,UPDATE_TITLE,REVIEW,Revendication de Robert Peary d'avoir atteint le pôle Nord,1909-01-01,true,A,0.9,DISPUTED_DATE,date_disputee,Le titre actuel est trop simple et ne reflète pas la controverse. Le titre proposé est plus précis et correspond à la description. La date est conservée car elle est mentionnée dans la description.,Vérifier si d'autres sources confirment la date exacte et la nature controversée de la revendication.
74cab55a-0fe8-44ae-ae21-0f3808675002,Lois Jim Crow (États-Unis),1877-01-01,DELETE,REVIEW,,,true,A,1,POTENTIAL_DATE_ERROR,divergence_date,Les lois Jim Crow représentent une période de ségrégation et non un événement unique. La description et les sources confirment qu'il s'agit d'une période historique.,Supprimer l'entrée car elle décrit une période et non un événement ponctuel.
5f98a72c-b4f5-4264-95b2-ae32c2b4deb8,Brevet du pneu pneumatique (Dunlop),1888-01-01,UPDATE_DATE,UPDATE_DATE,,1889-01-01,false,A,1,POTENTIAL_DATE_ERROR,divergence_date,"Wikidata et l'article Wikipédia Dunlop indiquent 1889 comme date de création de Dunlop, ce qui correspond probablement au brevet.",Mettre à jour la date à 1889-01-01.
4e675bbc-17a9-4d1e-9472-c82081437717,Naissance d'Armand d'Athos,1615-01-01,REVIEW,REVIEW,,,true,C,0.5,DISPUTED_DATE,date_disputee,"La date de naissance d'Armand d'Athos est incertaine, avec des sources contradictoires (Wikidata: 1599, Wikipedia: 1615).",Nécessite une vérification plus approfondie des sources primaires pour déterminer la date de naissance correcte.
4525e647-e914-4b28-8e07-19ab077f0209,Apparition du jeu d'échecs Chaturanga,0600-01-01,UPDATE_DATE,UPDATE_DATE,,0601-01-01,false,A,0.9,POTENTIAL_DATE_ERROR,divergence_date,Wikidata indique 601 comme date de début du jeu. La description reste cohérente.,Mettre à jour la date à 601-01-01 selon Wikidata.
02ffabbd-1ff2-4476-825b-4eed0edc0933,Ouverture du Taipei 101,2004-01-01,UPDATE_DATE,REVIEW,,2004-12-31,true,B,0.8,DISPUTED_DATE,date_disputee,"Wikipédia mentionne que le Taipei 101 était le plus grand gratte-ciel du monde de 2004 à 2010. Wikidata indique une date d'inception au 31 décembre 2005. Cependant, d'autres sources suggèrent une ouverture fin 2004. On va retenir fin 2004.","Mettre à jour la date au 31 décembre 2004, car c'est une date plausible compte tenu des informations disponibles et de la description. Vérifier si d'autres sources confirment cette date précise."
584df047-7e87-4111-ab23-1a1e44621ec1,Création de l’Union des sociétés françaises de sports athlétiques,1897-01-01,UPDATE_DATE,UPDATE_DATE,,1887-11-20,false,A,1,POTENTIAL_DATE_ERROR,divergence_date,"La date de création de l'USFSA est le 20 novembre 1887, comme indiqué par Wikidata et confirmé par l'article Wikipédia en français.",Mettre à jour la date de l'événement avec la date correcte du 20 novembre 1887.
5e7bce44-ad2d-4393-b1f0-43d9a016be0e,Mort de Gengis Khan,1227-01-01,UPDATE_DATE,REVIEW,,1227-08-00,true,B,0.8,DISPUTED_DATE,date_disputee,"La date exacte du décès de Gengis Khan est incertaine, mais les sources s'accordent sur le mois d'août 1227. On peut donc proposer une date au mois près.","Mettre à jour la date avec août 1227. Si une date plus précise est trouvée, la mettre à jour."
badb8edc-93e7-4754-bb6d-e37be77dcf5a,Début de la christianisation de l’Irlande par saint Patrick,0432-01-01,UPDATE_DATE,REVIEW,Christianisation de l'Irlande,,true,C,0.6,DISPUTED_DATE,date_disputee,La date de début de la christianisation de l'Irlande par Saint Patrick est incertaine. Le titre est simplifié pour être plus générique et sans date. La description reste cohérente avec le titre.,"Indiquer une période plus large pour la christianisation de l'Irlande, par exemple le Ve siècle."
33f54e0d-3f1f-4fb6-9b00-ff452b4c5c0b,Seconde Guerre de l'Opium,1856-01-01,DELETE,REVIEW,,,true,A,1,POTENTIAL_DATE_ERROR,divergence_date,La Seconde Guerre de l'Opium est un conflit qui s'est déroulé de 1856 à 1860. Il n'est donc pas possible de lui attribuer une date précise.,Supprimer l'événement car il s'agit d'une période et non d'un événement ponctuel.
179860b6-c093-4e80-bcd2-1621b8d74c29,Révolte des Boxers,1900-10-01,UPDATE_DATE,REVIEW,,1899-08-01,true,A,0.8,DISPUTED_DATE,date_disputee,"La date de début de la révolte des Boxers est plus précisément août 1899, selon Wikidata et Wikipedia. La description reste cohérente.",Mettre à jour la date au 1er août 1899.
4108d7ab-2aae-427a-be59-5a0b11fb3b14,Botticelli peint la Naissance de Vénus,1486-01-01,UPDATE_DATE,REVIEW,La Naissance de Vénus,,true,B,0.7,DISPUTED_DATE,date_disputee,Le titre est simplifié pour correspondre au nom de l'œuvre. La date est imprécise (1482-1485 selon Wikipedia). On ne peut pas retenir une date précise. La description reste cohérente.,Supprimer la date car elle est incertaine. Conserver le titre simplifié.
77254478-2741-4941-a997-c6e9a16324fd,Création de la Fédération abolitionniste internationale,1875-01-01,UPDATE_DATE,REVIEW,,1875-01-01,true,B,0.7,DISPUTED_DATE,date_disputee,"Bien que Wikidata indique 1877, l'article Wikipédia en français mentionne 1875 comme date de fondation. La description correspond à cette date. Il est préférable de retenir 1875, mais la contradiction avec Wikidata affaiblit la preuve.","Privilégier la date de 1875 mentionnée dans l'article Wikipédia en français, tout en notant la divergence avec Wikidata."
422c4576-ec61-45b1-b14e-b3f08dc3639f,Plotin fonde l'école néoplatonicienne,0244-01-01,UPDATE_DATE,UPDATE_DATE,,0246-01-01,false,A,0.9,POTENTIAL_DATE_ERROR,divergence_date,L'article Wikipédia en français sur Plotin indique qu'il a installé son école à Rome en 246. Cette date est cohérente avec la fondation de l'école néoplatonicienne par Plotin.,Mettre à jour la date de l'événement avec 246.
93a5c3b3-f48b-43b4-acf1-d99f2a091275,Création de l'Organisation maritime internationale,1948-01-01,UPDATE_DATE,REVIEW,,1948-03-17,true,B,0.8,DISPUTED_DATE,date_disputee,"La date de création de l'OMI est le 17 mars 1948, date de la convention signée à Genève. Wikidata indique une date de 1982 qui correspond probablement à une autre étape de l'organisation. La description est cohérente avec la date de 1948.",Mettre à jour la date avec la date exacte de la convention de Genève.
5aee30ef-9b8e-45db-b3d2-8d8de47e17de,Loi SRU : obligation de construire des logements sociaux dans les communes,2001-01-01,UPDATE_DATE,REVIEW,,2000-12-01,true,B,0.8,POTENTIAL_DATE_ERROR,divergence_date,La description indique que la loi a été promulguée en décembre 2000. La date de promulgation est un événement plus précis que l'année seule.,Vérifier si la date exacte de promulgation (jour) est disponible et plus précise.
f162f5cb-3b29-4e2e-89bd-3d52767f2409,Fondation de la Royal Veterinary College de Londres,1792-01-01,UPDATE_DATE,UPDATE_DATE,,1791-01-01,false,A,1,POTENTIAL_DATE_ERROR,divergence_date,Wikidata et Wikipedia FR confirment la fondation en 1791. La description est cohérente avec cette date.,Mettre à jour la date avec 1791-01-01.
b4151014-7abf-4209-89a3-e71f3cba5da0,Mort d’Erik Satie,1925-01-01,UPDATE_DATE,REVIEW,Mort d’Erik Satie,1925-07-01,true,A,1,DISPUTED_DATE,date_disputee,"La date de décès d'Erik Satie est le 1er juillet 1925, selon Wikipedia et Wikidata.",Mettre à jour la date de décès d'Erik Satie au 1er juillet 1925.
23f70796-9d77-4257-bb6e-3f8f05b0df84,Création de la Marche d'Espagne,0795-01-01,UPDATE_DATE,UPDATE_DATE,,0800-01-01,false,A,0.9,POTENTIAL_DATE_ERROR,divergence_date,Wikidata et Wikipedia indiquent que la Marche d'Espagne a été créée vers 800. La date de 795 est donc incorrecte.,Mettre à jour la date de création de la Marche d'Espagne à 800-01-01.
58039f76-4caf-4696-9a47-7d8a85aba9cb,Naissance de Michel-Ange,1475-03-06,KEEP,REVIEW,,,true,A,0.9,DISPUTED_DATE,date_disputee,"La date du 6 mars 1475 est confirmée par Wikipédia en français et une entrée Wikidata. Bien qu'une autre entrée Wikidata propose 1500, la source principale (Wikipédia) et une autre entrée Wikidata confirment 1475.",Conserver la fiche avec le titre et la date actuels.
ca21bcb7-637f-4bc5-8257-d283598e44f7,Schopenhauer publie « Le Monde comme volonté »,1818-01-01,UPDATE_DATE,UPDATE_DATE,,1819-01-01,false,A,1,POTENTIAL_DATE_ERROR,divergence_date,Wikidata et Wikipedia indiquent une publication en 1819. La description est cohérente avec cette date.,Mettre à jour la date de publication à 1819-01-01.
97c8c3b8-97ec-4005-9d06-a4b4bead5074,"Frida Kahlo, figure emblématique de l'art mexicain",1930-01-01,REVIEW,REVIEW,,,true,C,0.5,AMBIGUOUS_TITLE,titre_ambigu_ou_collision,The current title describes a process rather than a specific event. It needs to be refined to represent a singular event related to Frida Kahlo.,"Review the event to identify a specific event related to Frida Kahlo that occurred on a particular date. If no such event can be identified, consider deleting the entry."
c13fd56f-ea19-4329-9047-595ffb8ca02c,Supplice de la reine Brunehilde par Clotaire II,0613-01-01,UPDATE_TITLE,REVIEW,Exécution de Brunehilde,,true,A,0.9,DISPUTED_DATE,date_disputee,"Le titre actuel est trop long et contient des détails inutiles. Le titre ""Exécution de Brunehilde"" est plus concis et précis. La description correspond bien à cet événement.",Mettre à jour le titre pour plus de concision.
869fc70f-bc40-4db0-bbf5-5380b06d5769,Début des guerres marcomanes,0166-01-01,KEEP,KEEP,,,false,A,0.9,POTENTIAL_DATE_ERROR,divergence_date,Le titre et la date sont corrects et correspondent au début des guerres marcomanes selon les sources.,Conserver l'événement tel quel.
d7e40c7b-d5e8-4f4e-883f-ec681542223b,Fondation de l'abbaye de Fleury,0638-01-01,UPDATE_DATE,REVIEW,Fondation de l'abbaye de Fleury,0651-01-01,true,B,0.8,DISPUTED_DATE,date_disputee,La date de 638 n'est pas confirmée par les sources. Wikidata et Wikipedia mentionnent 651 comme date de fondation du premier monastère.,"Mettre à jour la date avec 651-01-01, date la plus probable de la fondation du premier monastère selon les sources disponibles."
96ade0f1-cb2e-40a5-a9fa-f009e6fdaffc,Petite ère glaciaire,1350-01-01,UPDATE_DATE,REVIEW,,1303-01-01,true,A,0.9,POTENTIAL_DATE_ERROR,divergence_date,"Wikidata et l'article Wikipédia en français indiquent 1303 comme date de début. L'événement est une période, mais on peut retenir la date de début.",Mettre à jour la date avec 1303-01-01. Vérifier si l'on souhaite conserver les événements de type 'période'.
46f69b0d-7c37-4b68-8b60-473f34a16e72,"Mort de Gontran, roi de Bourgogne",0592-01-01,UPDATE_DATE,REVIEW,,0592-03-28,true,B,0.8,DISPUTED_DATE,date_disputee,"Wikipédia et Wikidata mentionnent plusieurs dates de décès possibles pour Gontran. Wikidata donne 0592-03-28 comme date de décès, ce qui est plus précis que l'année seule. Je propose de mettre à jour la date avec cette information.",Mettre à jour la date de décès de Gontran au 28 mars 592.
d7d1866d-615e-460b-b3b3-7dcf91199b38,Naissance de Jean de La Fontaine,1621-01-01,UPDATE_DATE,REVIEW,Naissance de Jean de La Fontaine,1621-07-08,true,B,0.8,DISPUTED_DATE,date_disputee,"Wikipédia en français et anglais mentionnent 1621 comme année de naissance. Wikidata donne deux dates, 1620 et 1621. La date du 8 juillet 1621 est plus précise et semble plus fiable que le 1er janvier 1620. La description est cohérente avec une naissance en 1621.",Mettre à jour la date avec la date la plus précise disponible (1621-07-08) et vérifier si d'autres sources confirment cette date.
8b0f4699-44a8-46f7-840e-77837d575edf,Création de la Société des Nations (SDN),1920-01-01,UPDATE_DATE,UPDATE_DATE,,1919-01-01,false,A,1,POTENTIAL_DATE_ERROR,divergence_date,La date de création de la Société des Nations est 1919 selon Wikipédia et Wikidata.,Mettre à jour la date de création de la Société des Nations à 1919-01-01.